epoch,train_loss,valid_loss
0,0.885640727245625,0.8171849009775163
1,0.8736189815278872,0.8157393843161584
2,0.8718477512232662,0.8160190112513016
3,0.8706257471929365,0.8154500013685487
4,0.869631200184681,0.8161217967818943
5,0.8686091979906851,0.8209660110587607
6,0.8681938876089544,0.8144448508739065
7,0.8669622305465078,0.8139811795014257
8,0.8665131757622812,0.8164642847898338
9,0.8658077361406107,0.817298037837283
