epoch,train_loss,valid_loss
0,0.8895689389595846,0.8182320444688534
1,0.8782717528963266,0.817098872378454
2,0.8764942426796808,0.8204202009957705
3,0.8760780635348674,0.8180664115993862
4,0.8756904134220115,0.8175478125121771
5,0.8755356788162582,0.8222281620044399
6,0.8757687165186343,0.8192280140678175
7,0.8756497852256245,0.8207438387219989
8,0.8755443991809754,0.8213654482196181
9,0.875723752305636,0.819890792280087
