epoch,train_loss,valid_loss
0,0.8899635982200818,0.8210189402074377
1,0.8829756484953908,0.8201538761863467
2,0.881606624703092,0.8245320047335164
3,0.882854938738274,0.8369588524996363
4,0.8835816764266387,0.8251621848924474
5,0.8832174583970859,0.832551122187468
6,0.8838429826846367,0.8232489606854143
7,0.88412436879241,0.8431028813533993
8,0.88420470100423,0.833718742111872
9,0.882782817049038,0.8326080230744347
