epoch,train_loss,valid_loss
0,0.8848163787400727,0.8206652432471808
1,0.8783872085258543,0.8164222566788512
2,0.8766910620345079,0.818486750695957
