epoch,train_loss,valid_loss
0,0.8969843348687621,0.8278113240786406
1,0.8945344726727393,0.8281521730803927
2,0.8954144910336125,0.87404368329815
3,0.896906393656025,0.8356940535389134
4,0.900047059747653,0.8449128290189913
5,0.89978364963745,0.8712793112210077
6,0.8992502966155148,0.8426628521135254
7,0.8976552039672108,0.8486709667683795
8,0.9039722856580692,0.8377081012992337
9,0.9094724752779838,0.8437525127177466
