epoch,train_loss,valid_loss
0,0.8880779549378438,0.8180845882729073
1,0.8745182450831014,0.8158223361089157
2,0.8729861961885891,0.8173970009292862
