{
    "hidden_size": 32,
    "dropout": 0.6,
    "lr": 0.0001,
    "batch_size": 256,
    "num_layers": 1,
    "embedding_dim": 10,
    "val_loss": 0.9219199127406682,
    "test_accuracy": 0.5999936826145552,
    "test_f1_macro": 0.37633395504360506
}