epoch,train_loss,valid_loss
0,0.8870734318552128,0.8182793357989571
1,0.8766018733718737,0.8165317088913818
2,0.8748321787477649,0.8189757400190505
