epoch,train_loss,valid_loss
0,0.8845838455912587,0.8187648171903911
1,0.8755712982128226,0.8151093047527963
2,0.8747021507278514,0.8202007116069091
