epoch,train_loss,valid_loss
0,0.8934733578757701,0.8322626382453806
1,0.8919611828277197,0.8470664176705055
2,0.8942579266530709,0.9265365860673651
3,0.8927166488011081,0.8719748067402701
4,0.8941823945487581,0.8486743429308978
5,0.8968578811775785,0.8974497855196164
6,0.8947692878025629,0.8657781669866388
7,0.8990005996721144,0.8661306737923947
8,0.8994388683484357,0.9238509190419496
9,0.900942870111615,0.9021618011227825
