epoch,train_loss,valid_loss
0,0.8830194522202035,0.8175420509438897
1,0.8749044602160513,0.8148040868650548
2,0.8732818552231971,0.8171389812077682
3,0.8721719360248593,0.8153775913777923
4,0.8714630193771795,0.816385841707256
5,0.8704103139964924,0.8184139054724275
6,0.8696855543565069,0.8157416115474087
7,0.8692729276609662,0.8148647544725814
8,0.8682988245082779,0.8165154624400845
9,0.8679564852468349,0.8186290727990005
