epoch,train_loss,valid_loss
0,0.8854180102056975,0.8197927834373512
1,0.8789378908542779,0.8180495354297006
2,0.8778592040825903,0.822793369614619
