epoch,train_loss,valid_loss
0,0.8876541752941178,0.8227100105785545
1,0.8802517818894688,0.819373718788938
2,0.879446393509345,0.830444441427936
3,0.8803029173020005,0.8229071616578655
4,0.8803553262532526,0.8212347068775765
5,0.8801858432164202,0.8270220524429927
6,0.8808202021548251,0.8289849523157172
7,0.8817228628082218,0.8255635234652555
8,0.8805021915724656,0.8293717582078086
9,0.8813032262054495,0.8344541448112178
