{
    "d_model": 128,
    "t_nhead": 2,
    "s_nhead": 1,
    "dropout": 0.6,
    "lr": 0.0001,
    "accuracy": 0.5973862449962488,
    "precision": 0.46251084310534707,
    "recall": 0.36980946172873747,
    "f1": 0.32364973481821857
}