{
    "loss": 1.2682381815380521,
    "mse": 1.2682381868362427,
    "rmse": 1.1261608174840052,
    "ic": -0.0069716572761535645,
    "ir": -0.03635520115494728,
    "instrument_ics": {
        "ZN2501": -0.036145277321338654,
        "AG2501": 0.06474890559911728,
        "AL2501": 0.05310515686869621,
        "CU2501": 0.04023769870400429,
        "AU2501": -0.1706864833831787
    },
    "time_period_ics": [],
    "n_valid_periods": 0
}