{
    "best_epoch": 11,
    "best_val_loss": 1.2682381815380521,
    "best_val_ic": -0.0069716572761535645,
    "test_metrics": {
        "loss": 1.5864667655465132,
        "mse": 1.586466670036316,
        "rmse": 1.259550185596555,
        "ic": 0.02857499197125435,
        "ir": 0.14645999670028687,
        "instrument_ics": {
            "ZN2501": -0.05076385289430618,
            "AG2501": 0.031012671068310738,
            "AL2501": 0.034400418400764465,
            "CU2501": 0.056584056466817856,
            "AU2501": 0.07733789831399918
        },
        "time_period_ics": [],
        "n_valid_periods": 0
    }
}