{
    "hidden_size": 64,
    "num_layers": 1,
    "dropout": 0.2,
    "embedding_dim": 10,
    "lr": 0.0001,
    "batch_size": 512,
    "val_loss": 0.2193729430437088,
    "test_ic": 0.00507689194576065,
    "test_mse": 1.6365128203688073e-06,
    "test_r2": -0.0038858858823798137
}